id,worker,answer
2009,A11UXN488YXXO,1
2006,A11UXN488YXXO,1
2008,A11UXN488YXXO,1
2007,A11UXN488YXXO,1
2002,A11UXN488YXXO,1
2003,A11UXN488YXXO,1
2000,A11UXN488YXXO,1
2001,A11UXN488YXXO,1
2019,A11UXN488YXXO,1
2018,A11UXN488YXXO,0
2004,A11UXN488YXXO,1
2005,A11UXN488YXXO,1
2015,A11UXN488YXXO,1
2014,A11UXN488YXXO,1
2017,A11UXN488YXXO,1
2016,A11UXN488YXXO,1
2011,A11UXN488YXXO,1
2010,A11UXN488YXXO,1
2013,A11UXN488YXXO,1
2012,A11UXN488YXXO,1
2009,AZ311BQ3SX1G0,1
2006,AZ311BQ3SX1G0,1
2008,AZ311BQ3SX1G0,1
2007,AZ311BQ3SX1G0,1
2002,AZ311BQ3SX1G0,1
2003,AZ311BQ3SX1G0,1
2000,AZ311BQ3SX1G0,1
2001,AZ311BQ3SX1G0,1
2019,AZ311BQ3SX1G0,1
2018,AZ311BQ3SX1G0,1
2004,AZ311BQ3SX1G0,1
2005,AZ311BQ3SX1G0,1
2015,AZ311BQ3SX1G0,1
2014,AZ311BQ3SX1G0,1
2017,AZ311BQ3SX1G0,1
2016,AZ311BQ3SX1G0,1
2011,AZ311BQ3SX1G0,1
2010,AZ311BQ3SX1G0,1
2013,AZ311BQ3SX1G0,1
2012,AZ311BQ3SX1G0,1
2009,A1CO9E7XI2CSDA,0
2006,A1CO9E7XI2CSDA,1
2008,A1CO9E7XI2CSDA,0
2007,A1CO9E7XI2CSDA,0
2002,A1CO9E7XI2CSDA,1
2003,A1CO9E7XI2CSDA,1
2000,A1CO9E7XI2CSDA,0
2001,A1CO9E7XI2CSDA,0
2019,A1CO9E7XI2CSDA,0
2018,A1CO9E7XI2CSDA,0
2004,A1CO9E7XI2CSDA,0
2005,A1CO9E7XI2CSDA,0
2015,A1CO9E7XI2CSDA,1
2014,A1CO9E7XI2CSDA,1
2017,A1CO9E7XI2CSDA,1
2016,A1CO9E7XI2CSDA,1
2011,A1CO9E7XI2CSDA,0
2010,A1CO9E7XI2CSDA,0
2013,A1CO9E7XI2CSDA,0
2012,A1CO9E7XI2CSDA,0
2009,A2MH3BPMSRX0C6,0
2006,A2MH3BPMSRX0C6,1
2008,A2MH3BPMSRX0C6,1
2007,A2MH3BPMSRX0C6,0
2002,A2MH3BPMSRX0C6,1
2003,A2MH3BPMSRX0C6,0
2000,A2MH3BPMSRX0C6,0
2001,A2MH3BPMSRX0C6,1
2019,A2MH3BPMSRX0C6,1
2018,A2MH3BPMSRX0C6,1
2004,A2MH3BPMSRX0C6,1
2005,A2MH3BPMSRX0C6,0
2015,A2MH3BPMSRX0C6,0
2014,A2MH3BPMSRX0C6,1
2017,A2MH3BPMSRX0C6,0
2016,A2MH3BPMSRX0C6,1
2011,A2MH3BPMSRX0C6,0
2010,A2MH3BPMSRX0C6,1
2013,A2MH3BPMSRX0C6,0
2012,A2MH3BPMSRX0C6,1
2009,A16LTR3HF70L05,1
2006,A16LTR3HF70L05,1
2008,A16LTR3HF70L05,0
2007,A16LTR3HF70L05,0
2002,A16LTR3HF70L05,1
2003,A16LTR3HF70L05,1
2000,A16LTR3HF70L05,1
2001,A16LTR3HF70L05,0
2019,A16LTR3HF70L05,0
2018,A16LTR3HF70L05,0
2004,A16LTR3HF70L05,0
2005,A16LTR3HF70L05,0
2015,A16LTR3HF70L05,1
2014,A16LTR3HF70L05,1
2017,A16LTR3HF70L05,1
2016,A16LTR3HF70L05,1
2011,A16LTR3HF70L05,0
2010,A16LTR3HF70L05,0
2013,A16LTR3HF70L05,0
2012,A16LTR3HF70L05,0
2009,A2BIB960QFJWZD,1
2006,A2BIB960QFJWZD,1
2008,A2BIB960QFJWZD,1
2007,A2BIB960QFJWZD,1
2002,A2BIB960QFJWZD,1
2003,A2BIB960QFJWZD,1
2000,A2BIB960QFJWZD,1
2001,A2BIB960QFJWZD,1
2019,A2BIB960QFJWZD,1
2018,A2BIB960QFJWZD,1
2004,A2BIB960QFJWZD,1
2005,A2BIB960QFJWZD,1
2015,A2BIB960QFJWZD,1
2014,A2BIB960QFJWZD,1
2017,A2BIB960QFJWZD,1
2016,A2BIB960QFJWZD,1
2011,A2BIB960QFJWZD,1
2010,A2BIB960QFJWZD,1
2013,A2BIB960QFJWZD,1
2012,A2BIB960QFJWZD,1
2009,A3KWQVFAS7MXE0,0
2006,A3KWQVFAS7MXE0,0
2008,A3KWQVFAS7MXE0,0
2007,A3KWQVFAS7MXE0,0
2002,A3KWQVFAS7MXE0,0
2003,A3KWQVFAS7MXE0,0
2000,A3KWQVFAS7MXE0,1
2001,A3KWQVFAS7MXE0,0
2019,A3KWQVFAS7MXE0,1
2018,A3KWQVFAS7MXE0,0
2004,A3KWQVFAS7MXE0,1
2005,A3KWQVFAS7MXE0,0
2015,A3KWQVFAS7MXE0,0
2014,A3KWQVFAS7MXE0,0
2017,A3KWQVFAS7MXE0,0
2016,A3KWQVFAS7MXE0,0
2011,A3KWQVFAS7MXE0,1
2010,A3KWQVFAS7MXE0,0
2013,A3KWQVFAS7MXE0,0
2012,A3KWQVFAS7MXE0,0
2009,A1LWNCUCQYFBFR,0
2006,A1LWNCUCQYFBFR,1
2008,A1LWNCUCQYFBFR,0
2007,A1LWNCUCQYFBFR,0
2002,A1LWNCUCQYFBFR,1
2003,A1LWNCUCQYFBFR,0
2000,A1LWNCUCQYFBFR,0
2001,A1LWNCUCQYFBFR,0
2019,A1LWNCUCQYFBFR,0
2018,A1LWNCUCQYFBFR,0
2004,A1LWNCUCQYFBFR,0
2005,A1LWNCUCQYFBFR,0
2015,A1LWNCUCQYFBFR,0
2014,A1LWNCUCQYFBFR,1
2017,A1LWNCUCQYFBFR,1
2016,A1LWNCUCQYFBFR,1
2011,A1LWNCUCQYFBFR,0
2010,A1LWNCUCQYFBFR,0
2013,A1LWNCUCQYFBFR,0
2012,A1LWNCUCQYFBFR,0
2009,AB7QN439WP6RY,1
2006,AB7QN439WP6RY,1
2008,AB7QN439WP6RY,1
2007,AB7QN439WP6RY,0
2002,AB7QN439WP6RY,1
2003,AB7QN439WP6RY,1
2000,AB7QN439WP6RY,1
2001,AB7QN439WP6RY,1
2019,AB7QN439WP6RY,0
2018,AB7QN439WP6RY,0
2004,AB7QN439WP6RY,0
2005,AB7QN439WP6RY,0
2015,AB7QN439WP6RY,1
2014,AB7QN439WP6RY,1
2017,AB7QN439WP6RY,1
2016,AB7QN439WP6RY,1
2011,AB7QN439WP6RY,0
2010,AB7QN439WP6RY,1
2013,AB7QN439WP6RY,0
2012,AB7QN439WP6RY,0
2009,A3Q1351EOKQ4DH,0
2006,A3Q1351EOKQ4DH,1
2008,A3Q1351EOKQ4DH,0
2007,A3Q1351EOKQ4DH,0
2002,A3Q1351EOKQ4DH,0
2003,A3Q1351EOKQ4DH,1
2000,A3Q1351EOKQ4DH,1
2001,A3Q1351EOKQ4DH,0
2019,A3Q1351EOKQ4DH,0
2018,A3Q1351EOKQ4DH,0
2004,A3Q1351EOKQ4DH,0
2005,A3Q1351EOKQ4DH,0
2015,A3Q1351EOKQ4DH,1
2014,A3Q1351EOKQ4DH,1
2017,A3Q1351EOKQ4DH,1
2016,A3Q1351EOKQ4DH,1
2011,A3Q1351EOKQ4DH,0
2010,A3Q1351EOKQ4DH,0
2013,A3Q1351EOKQ4DH,0
2012,A3Q1351EOKQ4DH,0
2009,A3ABAWFXV1DGX,1
2006,A3ABAWFXV1DGX,1
2008,A3ABAWFXV1DGX,0
2007,A3ABAWFXV1DGX,0
2002,A3ABAWFXV1DGX,0
2003,A3ABAWFXV1DGX,1
2000,A3ABAWFXV1DGX,1
2001,A3ABAWFXV1DGX,0
2019,A3ABAWFXV1DGX,0
2018,A3ABAWFXV1DGX,0
2004,A3ABAWFXV1DGX,0
2005,A3ABAWFXV1DGX,0
2015,A3ABAWFXV1DGX,1
2014,A3ABAWFXV1DGX,1
2017,A3ABAWFXV1DGX,1
2016,A3ABAWFXV1DGX,1
2011,A3ABAWFXV1DGX,0
2010,A3ABAWFXV1DGX,0
2013,A3ABAWFXV1DGX,0
2012,A3ABAWFXV1DGX,0
2009,A3PHU29FNBH1NW,1
2006,A3PHU29FNBH1NW,1
2008,A3PHU29FNBH1NW,0
2007,A3PHU29FNBH1NW,0
2002,A3PHU29FNBH1NW,1
2003,A3PHU29FNBH1NW,1
2000,A3PHU29FNBH1NW,0
2001,A3PHU29FNBH1NW,0
2019,A3PHU29FNBH1NW,0
2018,A3PHU29FNBH1NW,0
2004,A3PHU29FNBH1NW,0
2005,A3PHU29FNBH1NW,0
2015,A3PHU29FNBH1NW,1
2014,A3PHU29FNBH1NW,1
2017,A3PHU29FNBH1NW,1
2016,A3PHU29FNBH1NW,1
2011,A3PHU29FNBH1NW,0
2010,A3PHU29FNBH1NW,1
2013,A3PHU29FNBH1NW,0
2012,A3PHU29FNBH1NW,0
2009,AH8FV7DVN4VHT,0
2006,AH8FV7DVN4VHT,1
2008,AH8FV7DVN4VHT,0
2007,AH8FV7DVN4VHT,0
2002,AH8FV7DVN4VHT,0
2003,AH8FV7DVN4VHT,1
2000,AH8FV7DVN4VHT,1
2001,AH8FV7DVN4VHT,1
2019,AH8FV7DVN4VHT,0
2018,AH8FV7DVN4VHT,0
2004,AH8FV7DVN4VHT,0
2005,AH8FV7DVN4VHT,0
2015,AH8FV7DVN4VHT,1
2014,AH8FV7DVN4VHT,1
2017,AH8FV7DVN4VHT,1
2016,AH8FV7DVN4VHT,1
2011,AH8FV7DVN4VHT,0
2010,AH8FV7DVN4VHT,0
2013,AH8FV7DVN4VHT,0
2012,AH8FV7DVN4VHT,0
2009,A2C93DG4LJ0UIM,1
2006,A2C93DG4LJ0UIM,1
2008,A2C93DG4LJ0UIM,1
2007,A2C93DG4LJ0UIM,0
2002,A2C93DG4LJ0UIM,1
2003,A2C93DG4LJ0UIM,1
2000,A2C93DG4LJ0UIM,1
2001,A2C93DG4LJ0UIM,1
2019,A2C93DG4LJ0UIM,1
2018,A2C93DG4LJ0UIM,0
2004,A2C93DG4LJ0UIM,1
2005,A2C93DG4LJ0UIM,0
2015,A2C93DG4LJ0UIM,1
2014,A2C93DG4LJ0UIM,1
2017,A2C93DG4LJ0UIM,1
2016,A2C93DG4LJ0UIM,1
2011,A2C93DG4LJ0UIM,0
2010,A2C93DG4LJ0UIM,1
2013,A2C93DG4LJ0UIM,0
2012,A2C93DG4LJ0UIM,0
2009,A29MM3QH9J9AI5,0
2006,A29MM3QH9J9AI5,1
2008,A29MM3QH9J9AI5,1
2007,A29MM3QH9J9AI5,1
2002,A29MM3QH9J9AI5,1
2003,A29MM3QH9J9AI5,1
2000,A29MM3QH9J9AI5,1
2001,A29MM3QH9J9AI5,1
2019,A29MM3QH9J9AI5,0
2018,A29MM3QH9J9AI5,0
2004,A29MM3QH9J9AI5,0
2005,A29MM3QH9J9AI5,0
2015,A29MM3QH9J9AI5,1
2014,A29MM3QH9J9AI5,1
2017,A29MM3QH9J9AI5,1
2016,A29MM3QH9J9AI5,1
2011,A29MM3QH9J9AI5,0
2010,A29MM3QH9J9AI5,0
2013,A29MM3QH9J9AI5,0
2012,A29MM3QH9J9AI5,0
2009,A3IFHW1AJNSQM3,1
2006,A3IFHW1AJNSQM3,1
2008,A3IFHW1AJNSQM3,1
2007,A3IFHW1AJNSQM3,0
2002,A3IFHW1AJNSQM3,1
2003,A3IFHW1AJNSQM3,1
2000,A3IFHW1AJNSQM3,1
2001,A3IFHW1AJNSQM3,1
2019,A3IFHW1AJNSQM3,0
2018,A3IFHW1AJNSQM3,0
2004,A3IFHW1AJNSQM3,1
2005,A3IFHW1AJNSQM3,0
2015,A3IFHW1AJNSQM3,1
2014,A3IFHW1AJNSQM3,1
2017,A3IFHW1AJNSQM3,1
2016,A3IFHW1AJNSQM3,1
2011,A3IFHW1AJNSQM3,0
2010,A3IFHW1AJNSQM3,0
2013,A3IFHW1AJNSQM3,0
2012,A3IFHW1AJNSQM3,0
2009,A1TMIL6ZSR5EOO,1
2006,A1TMIL6ZSR5EOO,1
2008,A1TMIL6ZSR5EOO,1
2007,A1TMIL6ZSR5EOO,0
2002,A1TMIL6ZSR5EOO,1
2003,A1TMIL6ZSR5EOO,1
2000,A1TMIL6ZSR5EOO,1
2001,A1TMIL6ZSR5EOO,1
2019,A1TMIL6ZSR5EOO,0
2018,A1TMIL6ZSR5EOO,0
2004,A1TMIL6ZSR5EOO,0
2005,A1TMIL6ZSR5EOO,0
2015,A1TMIL6ZSR5EOO,1
2014,A1TMIL6ZSR5EOO,1
2017,A1TMIL6ZSR5EOO,1
2016,A1TMIL6ZSR5EOO,1
2011,A1TMIL6ZSR5EOO,0
2010,A1TMIL6ZSR5EOO,1
2013,A1TMIL6ZSR5EOO,0
2012,A1TMIL6ZSR5EOO,0
2009,APHOPRAFUG98Q,0
2006,APHOPRAFUG98Q,1
2008,APHOPRAFUG98Q,1
2007,APHOPRAFUG98Q,0
2002,APHOPRAFUG98Q,0
2003,APHOPRAFUG98Q,1
2000,APHOPRAFUG98Q,0
2001,APHOPRAFUG98Q,1
2019,APHOPRAFUG98Q,0
2018,APHOPRAFUG98Q,0
2004,APHOPRAFUG98Q,0
2005,APHOPRAFUG98Q,0
2015,APHOPRAFUG98Q,1
2014,APHOPRAFUG98Q,1
2017,APHOPRAFUG98Q,1
2016,APHOPRAFUG98Q,1
2011,APHOPRAFUG98Q,0
2010,APHOPRAFUG98Q,1
2013,APHOPRAFUG98Q,0
2012,APHOPRAFUG98Q,0
2009,ANPZ6FB1GSXL5,0
2006,ANPZ6FB1GSXL5,1
2008,ANPZ6FB1GSXL5,1
2007,ANPZ6FB1GSXL5,1
2002,ANPZ6FB1GSXL5,1
2003,ANPZ6FB1GSXL5,1
2000,ANPZ6FB1GSXL5,1
2001,ANPZ6FB1GSXL5,1
2019,ANPZ6FB1GSXL5,0
2018,ANPZ6FB1GSXL5,1
2004,ANPZ6FB1GSXL5,0
2005,ANPZ6FB1GSXL5,0
2015,ANPZ6FB1GSXL5,1
2014,ANPZ6FB1GSXL5,1
2017,ANPZ6FB1GSXL5,1
2016,ANPZ6FB1GSXL5,1
2011,ANPZ6FB1GSXL5,0
2010,ANPZ6FB1GSXL5,1
2013,ANPZ6FB1GSXL5,0
2012,ANPZ6FB1GSXL5,0
2009,A3871E2A67AEWA,1
2006,A3871E2A67AEWA,0
2008,A3871E2A67AEWA,0
2007,A3871E2A67AEWA,0
2002,A3871E2A67AEWA,0
2003,A3871E2A67AEWA,1
2000,A3871E2A67AEWA,0
2001,A3871E2A67AEWA,1
2019,A3871E2A67AEWA,0
2018,A3871E2A67AEWA,0
2004,A3871E2A67AEWA,0
2005,A3871E2A67AEWA,1
2015,A3871E2A67AEWA,1
2014,A3871E2A67AEWA,0
2017,A3871E2A67AEWA,1
2016,A3871E2A67AEWA,1
2011,A3871E2A67AEWA,0
2010,A3871E2A67AEWA,0
2013,A3871E2A67AEWA,0
2012,A3871E2A67AEWA,0
2009,A396BEA7NCTDEW,1
2006,A396BEA7NCTDEW,1
2008,A396BEA7NCTDEW,1
2007,A396BEA7NCTDEW,0
2002,A396BEA7NCTDEW,1
2003,A396BEA7NCTDEW,1
2000,A396BEA7NCTDEW,1
2001,A396BEA7NCTDEW,1
2019,A396BEA7NCTDEW,0
2018,A396BEA7NCTDEW,0
2004,A396BEA7NCTDEW,0
2005,A396BEA7NCTDEW,0
2015,A396BEA7NCTDEW,1
2014,A396BEA7NCTDEW,1
2017,A396BEA7NCTDEW,1
2016,A396BEA7NCTDEW,1
2011,A396BEA7NCTDEW,0
2010,A396BEA7NCTDEW,1
2013,A396BEA7NCTDEW,0
2012,A396BEA7NCTDEW,0
2009,A1SRI5PDX6WB9B,1
2006,A1SRI5PDX6WB9B,1
2008,A1SRI5PDX6WB9B,0
2007,A1SRI5PDX6WB9B,0
2002,A1SRI5PDX6WB9B,1
2003,A1SRI5PDX6WB9B,1
2000,A1SRI5PDX6WB9B,1
2001,A1SRI5PDX6WB9B,1
2019,A1SRI5PDX6WB9B,0
2018,A1SRI5PDX6WB9B,0
2004,A1SRI5PDX6WB9B,1
2005,A1SRI5PDX6WB9B,0
2015,A1SRI5PDX6WB9B,1
2014,A1SRI5PDX6WB9B,1
2017,A1SRI5PDX6WB9B,1
2016,A1SRI5PDX6WB9B,1
2011,A1SRI5PDX6WB9B,0
2010,A1SRI5PDX6WB9B,1
2013,A1SRI5PDX6WB9B,0
2012,A1SRI5PDX6WB9B,0
2009,A3G6T12CCLQ5YU,1
2006,A3G6T12CCLQ5YU,1
2008,A3G6T12CCLQ5YU,0
2007,A3G6T12CCLQ5YU,0
2002,A3G6T12CCLQ5YU,1
2003,A3G6T12CCLQ5YU,0
2000,A3G6T12CCLQ5YU,1
2001,A3G6T12CCLQ5YU,0
2019,A3G6T12CCLQ5YU,0
2018,A3G6T12CCLQ5YU,1
2004,A3G6T12CCLQ5YU,1
2005,A3G6T12CCLQ5YU,1
2015,A3G6T12CCLQ5YU,1
2014,A3G6T12CCLQ5YU,0
2017,A3G6T12CCLQ5YU,1
2016,A3G6T12CCLQ5YU,1
2011,A3G6T12CCLQ5YU,1
2010,A3G6T12CCLQ5YU,1
2013,A3G6T12CCLQ5YU,0
2012,A3G6T12CCLQ5YU,1
2009,A28HCCZ4I9R8LL,1
2006,A28HCCZ4I9R8LL,1
2008,A28HCCZ4I9R8LL,1
2007,A28HCCZ4I9R8LL,0
2002,A28HCCZ4I9R8LL,1
2003,A28HCCZ4I9R8LL,1
2000,A28HCCZ4I9R8LL,1
2001,A28HCCZ4I9R8LL,1
2019,A28HCCZ4I9R8LL,0
2018,A28HCCZ4I9R8LL,1
2004,A28HCCZ4I9R8LL,0
2005,A28HCCZ4I9R8LL,0
2015,A28HCCZ4I9R8LL,1
2014,A28HCCZ4I9R8LL,1
2017,A28HCCZ4I9R8LL,1
2016,A28HCCZ4I9R8LL,1
2011,A28HCCZ4I9R8LL,0
2010,A28HCCZ4I9R8LL,1
2013,A28HCCZ4I9R8LL,0
2012,A28HCCZ4I9R8LL,0
2009,A2GO4IMROKOO2Q,1
2006,A2GO4IMROKOO2Q,1
2008,A2GO4IMROKOO2Q,1
2007,A2GO4IMROKOO2Q,0
2002,A2GO4IMROKOO2Q,1
2003,A2GO4IMROKOO2Q,1
2000,A2GO4IMROKOO2Q,1
2001,A2GO4IMROKOO2Q,0
2019,A2GO4IMROKOO2Q,0
2018,A2GO4IMROKOO2Q,0
2004,A2GO4IMROKOO2Q,1
2005,A2GO4IMROKOO2Q,0
2015,A2GO4IMROKOO2Q,1
2014,A2GO4IMROKOO2Q,1
2017,A2GO4IMROKOO2Q,1
2016,A2GO4IMROKOO2Q,1
2011,A2GO4IMROKOO2Q,0
2010,A2GO4IMROKOO2Q,1
2013,A2GO4IMROKOO2Q,0
2012,A2GO4IMROKOO2Q,0
2009,AY52II1OC5RZ1,0
2006,AY52II1OC5RZ1,1
2008,AY52II1OC5RZ1,0
2007,AY52II1OC5RZ1,0
2002,AY52II1OC5RZ1,1
2003,AY52II1OC5RZ1,1
2000,AY52II1OC5RZ1,0
2001,AY52II1OC5RZ1,1
2019,AY52II1OC5RZ1,0
2018,AY52II1OC5RZ1,0
2004,AY52II1OC5RZ1,0
2005,AY52II1OC5RZ1,0
2015,AY52II1OC5RZ1,1
2014,AY52II1OC5RZ1,1
2017,AY52II1OC5RZ1,1
2016,AY52II1OC5RZ1,1
2011,AY52II1OC5RZ1,0
2010,AY52II1OC5RZ1,1
2013,AY52II1OC5RZ1,0
2012,AY52II1OC5RZ1,0
2009,AN3TTXE4A29FI,1
2006,AN3TTXE4A29FI,1
2008,AN3TTXE4A29FI,1
2007,AN3TTXE4A29FI,0
2002,AN3TTXE4A29FI,1
2003,AN3TTXE4A29FI,1
2000,AN3TTXE4A29FI,0
2001,AN3TTXE4A29FI,1
2019,AN3TTXE4A29FI,0
2018,AN3TTXE4A29FI,0
2004,AN3TTXE4A29FI,0
2005,AN3TTXE4A29FI,0
2015,AN3TTXE4A29FI,1
2014,AN3TTXE4A29FI,1
2017,AN3TTXE4A29FI,1
2016,AN3TTXE4A29FI,1
2011,AN3TTXE4A29FI,0
2010,AN3TTXE4A29FI,1
2013,AN3TTXE4A29FI,0
2012,AN3TTXE4A29FI,0
2009,A1DXFMUVK5015A,0
2006,A1DXFMUVK5015A,1
2008,A1DXFMUVK5015A,0
2007,A1DXFMUVK5015A,0
2002,A1DXFMUVK5015A,0
2003,A1DXFMUVK5015A,1
2000,A1DXFMUVK5015A,0
2001,A1DXFMUVK5015A,0
2019,A1DXFMUVK5015A,0
2018,A1DXFMUVK5015A,1
2004,A1DXFMUVK5015A,0
2005,A1DXFMUVK5015A,0
2015,A1DXFMUVK5015A,0
2014,A1DXFMUVK5015A,0
2017,A1DXFMUVK5015A,1
2016,A1DXFMUVK5015A,1
2011,A1DXFMUVK5015A,0
2010,A1DXFMUVK5015A,0
2013,A1DXFMUVK5015A,0
2012,A1DXFMUVK5015A,0
2009,A2DIM099APN6L7,1
2006,A2DIM099APN6L7,0
2008,A2DIM099APN6L7,1
2007,A2DIM099APN6L7,1
2002,A2DIM099APN6L7,0
2003,A2DIM099APN6L7,1
2000,A2DIM099APN6L7,1
2001,A2DIM099APN6L7,1
2019,A2DIM099APN6L7,1
2018,A2DIM099APN6L7,1
2004,A2DIM099APN6L7,1
2005,A2DIM099APN6L7,1
2015,A2DIM099APN6L7,1
2014,A2DIM099APN6L7,1
2017,A2DIM099APN6L7,0
2016,A2DIM099APN6L7,1
2011,A2DIM099APN6L7,1
2010,A2DIM099APN6L7,1
2013,A2DIM099APN6L7,0
2012,A2DIM099APN6L7,0
2009,AJMWTFJTL8RLM,0
2006,AJMWTFJTL8RLM,1
2008,AJMWTFJTL8RLM,1
2007,AJMWTFJTL8RLM,0
2002,AJMWTFJTL8RLM,1
2003,AJMWTFJTL8RLM,1
2000,AJMWTFJTL8RLM,0
2001,AJMWTFJTL8RLM,1
2019,AJMWTFJTL8RLM,0
2018,AJMWTFJTL8RLM,0
2004,AJMWTFJTL8RLM,0
2005,AJMWTFJTL8RLM,0
2015,AJMWTFJTL8RLM,1
2014,AJMWTFJTL8RLM,1
2017,AJMWTFJTL8RLM,1
2016,AJMWTFJTL8RLM,1
2011,AJMWTFJTL8RLM,0
2010,AJMWTFJTL8RLM,1
2013,AJMWTFJTL8RLM,0
2012,AJMWTFJTL8RLM,0
2009,A2H1SXWWSQBT3D,1
2006,A2H1SXWWSQBT3D,1
2008,A2H1SXWWSQBT3D,1
2007,A2H1SXWWSQBT3D,0
2002,A2H1SXWWSQBT3D,1
2003,A2H1SXWWSQBT3D,1
2000,A2H1SXWWSQBT3D,1
2001,A2H1SXWWSQBT3D,0
2019,A2H1SXWWSQBT3D,0
2018,A2H1SXWWSQBT3D,0
2004,A2H1SXWWSQBT3D,0
2005,A2H1SXWWSQBT3D,0
2015,A2H1SXWWSQBT3D,1
2014,A2H1SXWWSQBT3D,1
2017,A2H1SXWWSQBT3D,1
2016,A2H1SXWWSQBT3D,1
2011,A2H1SXWWSQBT3D,0
2010,A2H1SXWWSQBT3D,1
2013,A2H1SXWWSQBT3D,0
2012,A2H1SXWWSQBT3D,0
2009,A1CO7S8BZUQROB,1
2006,A1CO7S8BZUQROB,1
2008,A1CO7S8BZUQROB,0
2007,A1CO7S8BZUQROB,0
2002,A1CO7S8BZUQROB,1
2003,A1CO7S8BZUQROB,1
2000,A1CO7S8BZUQROB,1
2001,A1CO7S8BZUQROB,1
2019,A1CO7S8BZUQROB,0
2018,A1CO7S8BZUQROB,1
2004,A1CO7S8BZUQROB,1
2005,A1CO7S8BZUQROB,0
2015,A1CO7S8BZUQROB,1
2014,A1CO7S8BZUQROB,1
2017,A1CO7S8BZUQROB,1
2016,A1CO7S8BZUQROB,1
2011,A1CO7S8BZUQROB,0
2010,A1CO7S8BZUQROB,0
2013,A1CO7S8BZUQROB,0
2012,A1CO7S8BZUQROB,0
2009,A382SL9ROIY1P6,0
2006,A382SL9ROIY1P6,1
2008,A382SL9ROIY1P6,0
2007,A382SL9ROIY1P6,0
2002,A382SL9ROIY1P6,0
2003,A382SL9ROIY1P6,0
2000,A382SL9ROIY1P6,1
2001,A382SL9ROIY1P6,1
2019,A382SL9ROIY1P6,0
2018,A382SL9ROIY1P6,0
2004,A382SL9ROIY1P6,1
2005,A382SL9ROIY1P6,0
2015,A382SL9ROIY1P6,0
2014,A382SL9ROIY1P6,1
2017,A382SL9ROIY1P6,1
2016,A382SL9ROIY1P6,1
2011,A382SL9ROIY1P6,0
2010,A382SL9ROIY1P6,0
2013,A382SL9ROIY1P6,0
2012,A382SL9ROIY1P6,0
2009,ASXM3V38FLUB8,1
2006,ASXM3V38FLUB8,1
2008,ASXM3V38FLUB8,1
2007,ASXM3V38FLUB8,0
2002,ASXM3V38FLUB8,1
2003,ASXM3V38FLUB8,1
2000,ASXM3V38FLUB8,0
2001,ASXM3V38FLUB8,0
2019,ASXM3V38FLUB8,0
2018,ASXM3V38FLUB8,0
2004,ASXM3V38FLUB8,0
2005,ASXM3V38FLUB8,0
2015,ASXM3V38FLUB8,1
2014,ASXM3V38FLUB8,1
2017,ASXM3V38FLUB8,1
2016,ASXM3V38FLUB8,1
2011,ASXM3V38FLUB8,0
2010,ASXM3V38FLUB8,1
2013,ASXM3V38FLUB8,0
2012,ASXM3V38FLUB8,0
2009,A38EIJ4VOJH3YO,1
2006,A38EIJ4VOJH3YO,1
2008,A38EIJ4VOJH3YO,1
2007,A38EIJ4VOJH3YO,0
2002,A38EIJ4VOJH3YO,1
2003,A38EIJ4VOJH3YO,1
2000,A38EIJ4VOJH3YO,1
2001,A38EIJ4VOJH3YO,0
2019,A38EIJ4VOJH3YO,0
2018,A38EIJ4VOJH3YO,0
2004,A38EIJ4VOJH3YO,1
2005,A38EIJ4VOJH3YO,0
2015,A38EIJ4VOJH3YO,1
2014,A38EIJ4VOJH3YO,1
2017,A38EIJ4VOJH3YO,1
2016,A38EIJ4VOJH3YO,1
2011,A38EIJ4VOJH3YO,0
2010,A38EIJ4VOJH3YO,1
2013,A38EIJ4VOJH3YO,0
2012,A38EIJ4VOJH3YO,0
2009,A3ELLEKJ287JZZ,1
2006,A3ELLEKJ287JZZ,1
2008,A3ELLEKJ287JZZ,1
2007,A3ELLEKJ287JZZ,0
2002,A3ELLEKJ287JZZ,1
2003,A3ELLEKJ287JZZ,1
2000,A3ELLEKJ287JZZ,1
2001,A3ELLEKJ287JZZ,1
2019,A3ELLEKJ287JZZ,0
2018,A3ELLEKJ287JZZ,0
2004,A3ELLEKJ287JZZ,0
2005,A3ELLEKJ287JZZ,0
2015,A3ELLEKJ287JZZ,1
2014,A3ELLEKJ287JZZ,1
2017,A3ELLEKJ287JZZ,1
2016,A3ELLEKJ287JZZ,1
2011,A3ELLEKJ287JZZ,0
2010,A3ELLEKJ287JZZ,1
2013,A3ELLEKJ287JZZ,0
2012,A3ELLEKJ287JZZ,0
2009,A1P02JFXRXG5V,1
2006,A1P02JFXRXG5V,1
2008,A1P02JFXRXG5V,1
2007,A1P02JFXRXG5V,1
2002,A1P02JFXRXG5V,1
2003,A1P02JFXRXG5V,1
2000,A1P02JFXRXG5V,1
2001,A1P02JFXRXG5V,1
2019,A1P02JFXRXG5V,1
2018,A1P02JFXRXG5V,1
2004,A1P02JFXRXG5V,1
2005,A1P02JFXRXG5V,1
2015,A1P02JFXRXG5V,1
2014,A1P02JFXRXG5V,1
2017,A1P02JFXRXG5V,1
2016,A1P02JFXRXG5V,1
2011,A1P02JFXRXG5V,1
2010,A1P02JFXRXG5V,1
2013,A1P02JFXRXG5V,1
2012,A1P02JFXRXG5V,1
2009,A11Z433NFKM28M,1
2006,A11Z433NFKM28M,1
2008,A11Z433NFKM28M,0
2007,A11Z433NFKM28M,0
2002,A11Z433NFKM28M,1
2003,A11Z433NFKM28M,1
2000,A11Z433NFKM28M,1
2001,A11Z433NFKM28M,1
2019,A11Z433NFKM28M,0
2018,A11Z433NFKM28M,0
2004,A11Z433NFKM28M,0
2005,A11Z433NFKM28M,0
2015,A11Z433NFKM28M,1
2014,A11Z433NFKM28M,1
2017,A11Z433NFKM28M,1
2016,A11Z433NFKM28M,1
2011,A11Z433NFKM28M,0
2010,A11Z433NFKM28M,0
2013,A11Z433NFKM28M,0
2012,A11Z433NFKM28M,0
2009,A2PEL01IY4YBLJ,1
2006,A2PEL01IY4YBLJ,0
2008,A2PEL01IY4YBLJ,1
2007,A2PEL01IY4YBLJ,1
2002,A2PEL01IY4YBLJ,0
2003,A2PEL01IY4YBLJ,1
2000,A2PEL01IY4YBLJ,1
2001,A2PEL01IY4YBLJ,1
2019,A2PEL01IY4YBLJ,1
2018,A2PEL01IY4YBLJ,0
2004,A2PEL01IY4YBLJ,1
2005,A2PEL01IY4YBLJ,1
2015,A2PEL01IY4YBLJ,1
2014,A2PEL01IY4YBLJ,1
2017,A2PEL01IY4YBLJ,1
2016,A2PEL01IY4YBLJ,0
2011,A2PEL01IY4YBLJ,1
2010,A2PEL01IY4YBLJ,0
2013,A2PEL01IY4YBLJ,1
2012,A2PEL01IY4YBLJ,0
2009,A1QN51QK2KH8MR,1
2006,A1QN51QK2KH8MR,1
2008,A1QN51QK2KH8MR,0
2007,A1QN51QK2KH8MR,0
2002,A1QN51QK2KH8MR,1
2003,A1QN51QK2KH8MR,1
2000,A1QN51QK2KH8MR,1
2001,A1QN51QK2KH8MR,1
2019,A1QN51QK2KH8MR,0
2018,A1QN51QK2KH8MR,0
2004,A1QN51QK2KH8MR,0
2005,A1QN51QK2KH8MR,0
2015,A1QN51QK2KH8MR,1
2014,A1QN51QK2KH8MR,1
2017,A1QN51QK2KH8MR,1
2016,A1QN51QK2KH8MR,1
2011,A1QN51QK2KH8MR,0
2010,A1QN51QK2KH8MR,1
2013,A1QN51QK2KH8MR,0
2012,A1QN51QK2KH8MR,0
2009,ANHAQ8Q7ZH72E,1
2006,ANHAQ8Q7ZH72E,1
2008,ANHAQ8Q7ZH72E,1
2007,ANHAQ8Q7ZH72E,0
2002,ANHAQ8Q7ZH72E,0
2003,ANHAQ8Q7ZH72E,1
2000,ANHAQ8Q7ZH72E,1
2001,ANHAQ8Q7ZH72E,0
2019,ANHAQ8Q7ZH72E,0
2018,ANHAQ8Q7ZH72E,0
2004,ANHAQ8Q7ZH72E,0
2005,ANHAQ8Q7ZH72E,0
2015,ANHAQ8Q7ZH72E,1
2014,ANHAQ8Q7ZH72E,1
2017,ANHAQ8Q7ZH72E,1
2016,ANHAQ8Q7ZH72E,1
2011,ANHAQ8Q7ZH72E,0
2010,ANHAQ8Q7ZH72E,1
2013,ANHAQ8Q7ZH72E,0
2012,ANHAQ8Q7ZH72E,0
2009,A2HHWFGVV9UUC5,1
2006,A2HHWFGVV9UUC5,1
2008,A2HHWFGVV9UUC5,1
2007,A2HHWFGVV9UUC5,0
2002,A2HHWFGVV9UUC5,1
2003,A2HHWFGVV9UUC5,1
2000,A2HHWFGVV9UUC5,1
2001,A2HHWFGVV9UUC5,1
2019,A2HHWFGVV9UUC5,0
2018,A2HHWFGVV9UUC5,0
2004,A2HHWFGVV9UUC5,1
2005,A2HHWFGVV9UUC5,0
2015,A2HHWFGVV9UUC5,1
2014,A2HHWFGVV9UUC5,1
2017,A2HHWFGVV9UUC5,1
2016,A2HHWFGVV9UUC5,1
2011,A2HHWFGVV9UUC5,0
2010,A2HHWFGVV9UUC5,1
2013,A2HHWFGVV9UUC5,0
2012,A2HHWFGVV9UUC5,0
2009,A3TBGB7VGRRYCT,1
2006,A3TBGB7VGRRYCT,1
2008,A3TBGB7VGRRYCT,0
2007,A3TBGB7VGRRYCT,1
2002,A3TBGB7VGRRYCT,1
2003,A3TBGB7VGRRYCT,1
2000,A3TBGB7VGRRYCT,1
2001,A3TBGB7VGRRYCT,0
2019,A3TBGB7VGRRYCT,0
2018,A3TBGB7VGRRYCT,0
2004,A3TBGB7VGRRYCT,0
2005,A3TBGB7VGRRYCT,0
2015,A3TBGB7VGRRYCT,1
2014,A3TBGB7VGRRYCT,1
2017,A3TBGB7VGRRYCT,1
2016,A3TBGB7VGRRYCT,1
2011,A3TBGB7VGRRYCT,0
2010,A3TBGB7VGRRYCT,1
2013,A3TBGB7VGRRYCT,0
2012,A3TBGB7VGRRYCT,0
2009,A2FCCX7X5TVB9C,1
2006,A2FCCX7X5TVB9C,1
2008,A2FCCX7X5TVB9C,1
2007,A2FCCX7X5TVB9C,0
2002,A2FCCX7X5TVB9C,1
2003,A2FCCX7X5TVB9C,1
2000,A2FCCX7X5TVB9C,1
2001,A2FCCX7X5TVB9C,0
2019,A2FCCX7X5TVB9C,0
2018,A2FCCX7X5TVB9C,0
2004,A2FCCX7X5TVB9C,0
2005,A2FCCX7X5TVB9C,1
2015,A2FCCX7X5TVB9C,1
2014,A2FCCX7X5TVB9C,1
2017,A2FCCX7X5TVB9C,1
2016,A2FCCX7X5TVB9C,1
2011,A2FCCX7X5TVB9C,0
2010,A2FCCX7X5TVB9C,1
2013,A2FCCX7X5TVB9C,0
2012,A2FCCX7X5TVB9C,0
2009,A26UOQCTO9VDZO,0
2006,A26UOQCTO9VDZO,0
2008,A26UOQCTO9VDZO,1
2007,A26UOQCTO9VDZO,1
2002,A26UOQCTO9VDZO,0
2003,A26UOQCTO9VDZO,1
2000,A26UOQCTO9VDZO,1
2001,A26UOQCTO9VDZO,0
2019,A26UOQCTO9VDZO,0
2018,A26UOQCTO9VDZO,1
2004,A26UOQCTO9VDZO,0
2005,A26UOQCTO9VDZO,1
2015,A26UOQCTO9VDZO,1
2014,A26UOQCTO9VDZO,0
2017,A26UOQCTO9VDZO,0
2016,A26UOQCTO9VDZO,1
2011,A26UOQCTO9VDZO,1
2010,A26UOQCTO9VDZO,0
2013,A26UOQCTO9VDZO,0
2012,A26UOQCTO9VDZO,1
2009,A2WDPK69XZC9H,1
2006,A2WDPK69XZC9H,1
2008,A2WDPK69XZC9H,1
2007,A2WDPK69XZC9H,1
2002,A2WDPK69XZC9H,0
2003,A2WDPK69XZC9H,1
2000,A2WDPK69XZC9H,0
2001,A2WDPK69XZC9H,0
2019,A2WDPK69XZC9H,0
2018,A2WDPK69XZC9H,0
2004,A2WDPK69XZC9H,0
2005,A2WDPK69XZC9H,0
2015,A2WDPK69XZC9H,1
2014,A2WDPK69XZC9H,1
2017,A2WDPK69XZC9H,1
2016,A2WDPK69XZC9H,1
2011,A2WDPK69XZC9H,0
2010,A2WDPK69XZC9H,1
2013,A2WDPK69XZC9H,0
2012,A2WDPK69XZC9H,0
2009,A3VVBTVOIYLJVC,0
2006,A3VVBTVOIYLJVC,1
2008,A3VVBTVOIYLJVC,1
2007,A3VVBTVOIYLJVC,0
2002,A3VVBTVOIYLJVC,0
2003,A3VVBTVOIYLJVC,1
2000,A3VVBTVOIYLJVC,1
2001,A3VVBTVOIYLJVC,1
2019,A3VVBTVOIYLJVC,0
2018,A3VVBTVOIYLJVC,0
2004,A3VVBTVOIYLJVC,0
2005,A3VVBTVOIYLJVC,0
2015,A3VVBTVOIYLJVC,1
2014,A3VVBTVOIYLJVC,1
2017,A3VVBTVOIYLJVC,1
2016,A3VVBTVOIYLJVC,1
2011,A3VVBTVOIYLJVC,0
2010,A3VVBTVOIYLJVC,0
2013,A3VVBTVOIYLJVC,0
2012,A3VVBTVOIYLJVC,0
2009,A33JTNFF3S1HGM,0
2006,A33JTNFF3S1HGM,1
2008,A33JTNFF3S1HGM,0
2007,A33JTNFF3S1HGM,0
2002,A33JTNFF3S1HGM,0
2003,A33JTNFF3S1HGM,0
2000,A33JTNFF3S1HGM,1
2001,A33JTNFF3S1HGM,0
2019,A33JTNFF3S1HGM,0
2018,A33JTNFF3S1HGM,0
2004,A33JTNFF3S1HGM,0
2005,A33JTNFF3S1HGM,0
2015,A33JTNFF3S1HGM,1
2014,A33JTNFF3S1HGM,1
2017,A33JTNFF3S1HGM,1
2016,A33JTNFF3S1HGM,1
2011,A33JTNFF3S1HGM,0
2010,A33JTNFF3S1HGM,0
2013,A33JTNFF3S1HGM,0
2012,A33JTNFF3S1HGM,0
2009,A1MYBMOZH043LK,0
2006,A1MYBMOZH043LK,1
2008,A1MYBMOZH043LK,0
2007,A1MYBMOZH043LK,0
2002,A1MYBMOZH043LK,1
2003,A1MYBMOZH043LK,1
2000,A1MYBMOZH043LK,1
2001,A1MYBMOZH043LK,0
2019,A1MYBMOZH043LK,0
2018,A1MYBMOZH043LK,1
2004,A1MYBMOZH043LK,0
2005,A1MYBMOZH043LK,1
2015,A1MYBMOZH043LK,1
2014,A1MYBMOZH043LK,1
2017,A1MYBMOZH043LK,1
2016,A1MYBMOZH043LK,1
2011,A1MYBMOZH043LK,0
2010,A1MYBMOZH043LK,1
2013,A1MYBMOZH043LK,0
2012,A1MYBMOZH043LK,0
2009,A6NCRR6O0HB2V,1
2006,A6NCRR6O0HB2V,1
2008,A6NCRR6O0HB2V,1
2007,A6NCRR6O0HB2V,0
2002,A6NCRR6O0HB2V,1
2003,A6NCRR6O0HB2V,1
2000,A6NCRR6O0HB2V,0
2001,A6NCRR6O0HB2V,1
2019,A6NCRR6O0HB2V,0
2018,A6NCRR6O0HB2V,1
2004,A6NCRR6O0HB2V,0
2005,A6NCRR6O0HB2V,0
2015,A6NCRR6O0HB2V,1
2014,A6NCRR6O0HB2V,1
2017,A6NCRR6O0HB2V,1
2016,A6NCRR6O0HB2V,1
2011,A6NCRR6O0HB2V,0
2010,A6NCRR6O0HB2V,1
2013,A6NCRR6O0HB2V,0
2012,A6NCRR6O0HB2V,0
2009,A3HJNOCKXFOOVP,1
2006,A3HJNOCKXFOOVP,1
2008,A3HJNOCKXFOOVP,1
2007,A3HJNOCKXFOOVP,1
2002,A3HJNOCKXFOOVP,1
2003,A3HJNOCKXFOOVP,1
2000,A3HJNOCKXFOOVP,1
2001,A3HJNOCKXFOOVP,1
2019,A3HJNOCKXFOOVP,0
2018,A3HJNOCKXFOOVP,0
2004,A3HJNOCKXFOOVP,1
2005,A3HJNOCKXFOOVP,0
2015,A3HJNOCKXFOOVP,1
2014,A3HJNOCKXFOOVP,1
2017,A3HJNOCKXFOOVP,1
2016,A3HJNOCKXFOOVP,1
2011,A3HJNOCKXFOOVP,0
2010,A3HJNOCKXFOOVP,1
2013,A3HJNOCKXFOOVP,0
2012,A3HJNOCKXFOOVP,1
2009,A36R7L9ZP595YT,1
2006,A36R7L9ZP595YT,1
2008,A36R7L9ZP595YT,1
2007,A36R7L9ZP595YT,0
2002,A36R7L9ZP595YT,1
2003,A36R7L9ZP595YT,1
2000,A36R7L9ZP595YT,1
2001,A36R7L9ZP595YT,1
2019,A36R7L9ZP595YT,0
2018,A36R7L9ZP595YT,0
2004,A36R7L9ZP595YT,1
2005,A36R7L9ZP595YT,0
2015,A36R7L9ZP595YT,1
2014,A36R7L9ZP595YT,1
2017,A36R7L9ZP595YT,1
2016,A36R7L9ZP595YT,1
2011,A36R7L9ZP595YT,0
2010,A36R7L9ZP595YT,1
2013,A36R7L9ZP595YT,0
2012,A36R7L9ZP595YT,0
2009,A3R7A6AUGQLEH9,1
2006,A3R7A6AUGQLEH9,1
2008,A3R7A6AUGQLEH9,0
2007,A3R7A6AUGQLEH9,0
2002,A3R7A6AUGQLEH9,1
2003,A3R7A6AUGQLEH9,1
2000,A3R7A6AUGQLEH9,1
2001,A3R7A6AUGQLEH9,0
2019,A3R7A6AUGQLEH9,0
2018,A3R7A6AUGQLEH9,0
2004,A3R7A6AUGQLEH9,0
2005,A3R7A6AUGQLEH9,0
2015,A3R7A6AUGQLEH9,1
2014,A3R7A6AUGQLEH9,1
2017,A3R7A6AUGQLEH9,1
2016,A3R7A6AUGQLEH9,1
2011,A3R7A6AUGQLEH9,0
2010,A3R7A6AUGQLEH9,0
2013,A3R7A6AUGQLEH9,0
2012,A3R7A6AUGQLEH9,0
2009,A1KIBD7YIBPRED,1
2006,A1KIBD7YIBPRED,1
2008,A1KIBD7YIBPRED,0
2007,A1KIBD7YIBPRED,0
2002,A1KIBD7YIBPRED,1
2003,A1KIBD7YIBPRED,1
2000,A1KIBD7YIBPRED,1
2001,A1KIBD7YIBPRED,1
2019,A1KIBD7YIBPRED,0
2018,A1KIBD7YIBPRED,0
2004,A1KIBD7YIBPRED,0
2005,A1KIBD7YIBPRED,0
2015,A1KIBD7YIBPRED,1
2014,A1KIBD7YIBPRED,1
2017,A1KIBD7YIBPRED,0
2016,A1KIBD7YIBPRED,1
2011,A1KIBD7YIBPRED,0
2010,A1KIBD7YIBPRED,0
2013,A1KIBD7YIBPRED,0
2012,A1KIBD7YIBPRED,0
2009,A10BKZYB8WVM9B,1
2006,A10BKZYB8WVM9B,1
2008,A10BKZYB8WVM9B,1
2007,A10BKZYB8WVM9B,0
2002,A10BKZYB8WVM9B,1
2003,A10BKZYB8WVM9B,1
2000,A10BKZYB8WVM9B,1
2001,A10BKZYB8WVM9B,1
2019,A10BKZYB8WVM9B,0
2018,A10BKZYB8WVM9B,0
2004,A10BKZYB8WVM9B,1
2005,A10BKZYB8WVM9B,0
2015,A10BKZYB8WVM9B,1
2014,A10BKZYB8WVM9B,1
2017,A10BKZYB8WVM9B,1
2016,A10BKZYB8WVM9B,1
2011,A10BKZYB8WVM9B,0
2010,A10BKZYB8WVM9B,1
2013,A10BKZYB8WVM9B,0
2012,A10BKZYB8WVM9B,0
2009,A25WL7E75KK134,0
2006,A25WL7E75KK134,1
2008,A25WL7E75KK134,0
2007,A25WL7E75KK134,1
2002,A25WL7E75KK134,0
2003,A25WL7E75KK134,1
2000,A25WL7E75KK134,1
2001,A25WL7E75KK134,1
2019,A25WL7E75KK134,1
2018,A25WL7E75KK134,1
2004,A25WL7E75KK134,0
2005,A25WL7E75KK134,1
2015,A25WL7E75KK134,1
2014,A25WL7E75KK134,0
2017,A25WL7E75KK134,0
2016,A25WL7E75KK134,0
2011,A25WL7E75KK134,1
2010,A25WL7E75KK134,0
2013,A25WL7E75KK134,1
2012,A25WL7E75KK134,1
2009,A3NH3VJF04DBJX,1
2006,A3NH3VJF04DBJX,1
2008,A3NH3VJF04DBJX,1
2007,A3NH3VJF04DBJX,0
2002,A3NH3VJF04DBJX,1
2003,A3NH3VJF04DBJX,1
2000,A3NH3VJF04DBJX,1
2001,A3NH3VJF04DBJX,1
2019,A3NH3VJF04DBJX,0
2018,A3NH3VJF04DBJX,0
2004,A3NH3VJF04DBJX,0
2005,A3NH3VJF04DBJX,0
2015,A3NH3VJF04DBJX,1
2014,A3NH3VJF04DBJX,1
2017,A3NH3VJF04DBJX,1
2016,A3NH3VJF04DBJX,1
2011,A3NH3VJF04DBJX,0
2010,A3NH3VJF04DBJX,1
2013,A3NH3VJF04DBJX,0
2012,A3NH3VJF04DBJX,0
2009,A2H8UCYS4VV138,1
2006,A2H8UCYS4VV138,1
2008,A2H8UCYS4VV138,0
2007,A2H8UCYS4VV138,0
2002,A2H8UCYS4VV138,1
2003,A2H8UCYS4VV138,1
2000,A2H8UCYS4VV138,1
2001,A2H8UCYS4VV138,1
2019,A2H8UCYS4VV138,0
2018,A2H8UCYS4VV138,1
2004,A2H8UCYS4VV138,1
2005,A2H8UCYS4VV138,0
2015,A2H8UCYS4VV138,0
2014,A2H8UCYS4VV138,0
2017,A2H8UCYS4VV138,1
2016,A2H8UCYS4VV138,1
2011,A2H8UCYS4VV138,1
2010,A2H8UCYS4VV138,1
2013,A2H8UCYS4VV138,0
2012,A2H8UCYS4VV138,0
2009,ANS32KK8E96UK,1
2006,ANS32KK8E96UK,1
2008,ANS32KK8E96UK,1
2007,ANS32KK8E96UK,0
2002,ANS32KK8E96UK,1
2003,ANS32KK8E96UK,1
2000,ANS32KK8E96UK,1
2001,ANS32KK8E96UK,1
2019,ANS32KK8E96UK,1
2018,ANS32KK8E96UK,1
2004,ANS32KK8E96UK,0
2005,ANS32KK8E96UK,0
2015,ANS32KK8E96UK,1
2014,ANS32KK8E96UK,0
2017,ANS32KK8E96UK,1
2016,ANS32KK8E96UK,1
2011,ANS32KK8E96UK,0
2010,ANS32KK8E96UK,1
2013,ANS32KK8E96UK,0
2012,ANS32KK8E96UK,1
2009,AMJ9X1MIE8CZ5,0
2006,AMJ9X1MIE8CZ5,1
2008,AMJ9X1MIE8CZ5,0
2007,AMJ9X1MIE8CZ5,0
2002,AMJ9X1MIE8CZ5,1
2003,AMJ9X1MIE8CZ5,1
2000,AMJ9X1MIE8CZ5,1
2001,AMJ9X1MIE8CZ5,0
2019,AMJ9X1MIE8CZ5,0
2018,AMJ9X1MIE8CZ5,0
2004,AMJ9X1MIE8CZ5,0
2005,AMJ9X1MIE8CZ5,0
2015,AMJ9X1MIE8CZ5,1
2014,AMJ9X1MIE8CZ5,1
2017,AMJ9X1MIE8CZ5,1
2016,AMJ9X1MIE8CZ5,1
2011,AMJ9X1MIE8CZ5,0
2010,AMJ9X1MIE8CZ5,1
2013,AMJ9X1MIE8CZ5,0
2012,AMJ9X1MIE8CZ5,0
2009,A3EUG69TEKHXRU,1
2006,A3EUG69TEKHXRU,1
2008,A3EUG69TEKHXRU,0
2007,A3EUG69TEKHXRU,0
2002,A3EUG69TEKHXRU,0
2003,A3EUG69TEKHXRU,1
2000,A3EUG69TEKHXRU,1
2001,A3EUG69TEKHXRU,0
2019,A3EUG69TEKHXRU,0
2018,A3EUG69TEKHXRU,0
2004,A3EUG69TEKHXRU,0
2005,A3EUG69TEKHXRU,0
2015,A3EUG69TEKHXRU,1
2014,A3EUG69TEKHXRU,1
2017,A3EUG69TEKHXRU,1
2016,A3EUG69TEKHXRU,1
2011,A3EUG69TEKHXRU,0
2010,A3EUG69TEKHXRU,0
2013,A3EUG69TEKHXRU,0
2012,A3EUG69TEKHXRU,0
2009,A3SS68X79SUJ0V,0
2006,A3SS68X79SUJ0V,1
2008,A3SS68X79SUJ0V,0
2007,A3SS68X79SUJ0V,0
2002,A3SS68X79SUJ0V,1
2003,A3SS68X79SUJ0V,1
2000,A3SS68X79SUJ0V,1
2001,A3SS68X79SUJ0V,1
2019,A3SS68X79SUJ0V,0
2018,A3SS68X79SUJ0V,0
2004,A3SS68X79SUJ0V,0
2005,A3SS68X79SUJ0V,0
2015,A3SS68X79SUJ0V,1
2014,A3SS68X79SUJ0V,1
2017,A3SS68X79SUJ0V,1
2016,A3SS68X79SUJ0V,1
2011,A3SS68X79SUJ0V,0
2010,A3SS68X79SUJ0V,1
2013,A3SS68X79SUJ0V,0
2012,A3SS68X79SUJ0V,0
2009,AYAD78AI5KL0T,0
2006,AYAD78AI5KL0T,1
2008,AYAD78AI5KL0T,0
2007,AYAD78AI5KL0T,0
2002,AYAD78AI5KL0T,0
2003,AYAD78AI5KL0T,1
2000,AYAD78AI5KL0T,1
2001,AYAD78AI5KL0T,1
2019,AYAD78AI5KL0T,0
2018,AYAD78AI5KL0T,0
2004,AYAD78AI5KL0T,0
2005,AYAD78AI5KL0T,0
2015,AYAD78AI5KL0T,1
2014,AYAD78AI5KL0T,1
2017,AYAD78AI5KL0T,1
2016,AYAD78AI5KL0T,1
2011,AYAD78AI5KL0T,0
2010,AYAD78AI5KL0T,0
2013,AYAD78AI5KL0T,0
2012,AYAD78AI5KL0T,0
2009,A3S6OV9V7VWYNS,1
2006,A3S6OV9V7VWYNS,1
2008,A3S6OV9V7VWYNS,1
2007,A3S6OV9V7VWYNS,0
2002,A3S6OV9V7VWYNS,1
2003,A3S6OV9V7VWYNS,1
2000,A3S6OV9V7VWYNS,1
2001,A3S6OV9V7VWYNS,1
2019,A3S6OV9V7VWYNS,0
2018,A3S6OV9V7VWYNS,0
2004,A3S6OV9V7VWYNS,0
2005,A3S6OV9V7VWYNS,0
2015,A3S6OV9V7VWYNS,1
2014,A3S6OV9V7VWYNS,1
2017,A3S6OV9V7VWYNS,1
2016,A3S6OV9V7VWYNS,1
2011,A3S6OV9V7VWYNS,0
2010,A3S6OV9V7VWYNS,1
2013,A3S6OV9V7VWYNS,0
2012,A3S6OV9V7VWYNS,0
2009,AMKWR51EXOPA4,0
2006,AMKWR51EXOPA4,0
2008,AMKWR51EXOPA4,0
2007,AMKWR51EXOPA4,1
2002,AMKWR51EXOPA4,0
2003,AMKWR51EXOPA4,1
2000,AMKWR51EXOPA4,1
2001,AMKWR51EXOPA4,0
2019,AMKWR51EXOPA4,1
2018,AMKWR51EXOPA4,0
2004,AMKWR51EXOPA4,0
2005,AMKWR51EXOPA4,1
2015,AMKWR51EXOPA4,0
2014,AMKWR51EXOPA4,1
2017,AMKWR51EXOPA4,0
2016,AMKWR51EXOPA4,0
2011,AMKWR51EXOPA4,0
2010,AMKWR51EXOPA4,0
2013,AMKWR51EXOPA4,1
2012,AMKWR51EXOPA4,0
2009,A1GON75HGVWTMC,1
2006,A1GON75HGVWTMC,1
2008,A1GON75HGVWTMC,0
2007,A1GON75HGVWTMC,0
2002,A1GON75HGVWTMC,0
2003,A1GON75HGVWTMC,1
2000,A1GON75HGVWTMC,1
2001,A1GON75HGVWTMC,1
2019,A1GON75HGVWTMC,0
2018,A1GON75HGVWTMC,0
2004,A1GON75HGVWTMC,0
2005,A1GON75HGVWTMC,0
2015,A1GON75HGVWTMC,1
2014,A1GON75HGVWTMC,1
2017,A1GON75HGVWTMC,1
2016,A1GON75HGVWTMC,1
2011,A1GON75HGVWTMC,0
2010,A1GON75HGVWTMC,1
2013,A1GON75HGVWTMC,0
2012,A1GON75HGVWTMC,0
2009,A1FWIP27M5BL8L,1
2006,A1FWIP27M5BL8L,1
2008,A1FWIP27M5BL8L,1
2007,A1FWIP27M5BL8L,0
2002,A1FWIP27M5BL8L,1
2003,A1FWIP27M5BL8L,1
2000,A1FWIP27M5BL8L,1
2001,A1FWIP27M5BL8L,1
2019,A1FWIP27M5BL8L,0
2018,A1FWIP27M5BL8L,0
2004,A1FWIP27M5BL8L,1
2005,A1FWIP27M5BL8L,0
2015,A1FWIP27M5BL8L,1
2014,A1FWIP27M5BL8L,1
2017,A1FWIP27M5BL8L,1
2016,A1FWIP27M5BL8L,1
2011,A1FWIP27M5BL8L,0
2010,A1FWIP27M5BL8L,1
2013,A1FWIP27M5BL8L,0
2012,A1FWIP27M5BL8L,0
2009,A17CPBFRBWYE0R,1
2006,A17CPBFRBWYE0R,1
2008,A17CPBFRBWYE0R,1
2007,A17CPBFRBWYE0R,0
2002,A17CPBFRBWYE0R,1
2003,A17CPBFRBWYE0R,1
2000,A17CPBFRBWYE0R,1
2001,A17CPBFRBWYE0R,1
2019,A17CPBFRBWYE0R,0
2018,A17CPBFRBWYE0R,0
2004,A17CPBFRBWYE0R,1
2005,A17CPBFRBWYE0R,0
2015,A17CPBFRBWYE0R,1
2014,A17CPBFRBWYE0R,1
2017,A17CPBFRBWYE0R,1
2016,A17CPBFRBWYE0R,1
2011,A17CPBFRBWYE0R,0
2010,A17CPBFRBWYE0R,1
2013,A17CPBFRBWYE0R,0
2012,A17CPBFRBWYE0R,0
2009,A1PX6YSKCOXNZ8,0
2006,A1PX6YSKCOXNZ8,0
2008,A1PX6YSKCOXNZ8,1
2007,A1PX6YSKCOXNZ8,1
2002,A1PX6YSKCOXNZ8,1
2003,A1PX6YSKCOXNZ8,1
2000,A1PX6YSKCOXNZ8,0
2001,A1PX6YSKCOXNZ8,1
2019,A1PX6YSKCOXNZ8,1
2018,A1PX6YSKCOXNZ8,1
2004,A1PX6YSKCOXNZ8,0
2005,A1PX6YSKCOXNZ8,0
2015,A1PX6YSKCOXNZ8,1
2014,A1PX6YSKCOXNZ8,1
2017,A1PX6YSKCOXNZ8,0
2016,A1PX6YSKCOXNZ8,0
2011,A1PX6YSKCOXNZ8,1
2010,A1PX6YSKCOXNZ8,1
2013,A1PX6YSKCOXNZ8,0
2012,A1PX6YSKCOXNZ8,0
2009,A881B8OX0B3BU,0
2006,A881B8OX0B3BU,1
2008,A881B8OX0B3BU,0
2007,A881B8OX0B3BU,0
2002,A881B8OX0B3BU,1
2003,A881B8OX0B3BU,1
2000,A881B8OX0B3BU,1
2001,A881B8OX0B3BU,1
2019,A881B8OX0B3BU,0
2018,A881B8OX0B3BU,0
2004,A881B8OX0B3BU,0
2005,A881B8OX0B3BU,0
2015,A881B8OX0B3BU,1
2014,A881B8OX0B3BU,1
2017,A881B8OX0B3BU,1
2016,A881B8OX0B3BU,1
2011,A881B8OX0B3BU,0
2010,A881B8OX0B3BU,0
2013,A881B8OX0B3BU,0
2012,A881B8OX0B3BU,0
2009,AKEHW5BOBEBFS,0
2006,AKEHW5BOBEBFS,0
2008,AKEHW5BOBEBFS,0
2007,AKEHW5BOBEBFS,1
2002,AKEHW5BOBEBFS,1
2003,AKEHW5BOBEBFS,1
2000,AKEHW5BOBEBFS,0
2001,AKEHW5BOBEBFS,0
2019,AKEHW5BOBEBFS,0
2018,AKEHW5BOBEBFS,0
2004,AKEHW5BOBEBFS,1
2005,AKEHW5BOBEBFS,0
2015,AKEHW5BOBEBFS,1
2014,AKEHW5BOBEBFS,0
2017,AKEHW5BOBEBFS,1
2016,AKEHW5BOBEBFS,0
2011,AKEHW5BOBEBFS,1
2010,AKEHW5BOBEBFS,1
2013,AKEHW5BOBEBFS,1
2012,AKEHW5BOBEBFS,0
2009,A1I43J7QNQAVRM,0
2006,A1I43J7QNQAVRM,1
2008,A1I43J7QNQAVRM,0
2007,A1I43J7QNQAVRM,0
2002,A1I43J7QNQAVRM,0
2003,A1I43J7QNQAVRM,1
2000,A1I43J7QNQAVRM,1
2001,A1I43J7QNQAVRM,1
2019,A1I43J7QNQAVRM,0
2018,A1I43J7QNQAVRM,0
2004,A1I43J7QNQAVRM,0
2005,A1I43J7QNQAVRM,0
2015,A1I43J7QNQAVRM,1
2014,A1I43J7QNQAVRM,1
2017,A1I43J7QNQAVRM,1
2016,A1I43J7QNQAVRM,1
2011,A1I43J7QNQAVRM,0
2010,A1I43J7QNQAVRM,0
2013,A1I43J7QNQAVRM,0
2012,A1I43J7QNQAVRM,0
2009,A23KNYW5XJ9FKD,1
2006,A23KNYW5XJ9FKD,1
2008,A23KNYW5XJ9FKD,0
2007,A23KNYW5XJ9FKD,0
2002,A23KNYW5XJ9FKD,0
2003,A23KNYW5XJ9FKD,1
2000,A23KNYW5XJ9FKD,1
2001,A23KNYW5XJ9FKD,1
2019,A23KNYW5XJ9FKD,0
2018,A23KNYW5XJ9FKD,0
2004,A23KNYW5XJ9FKD,0
2005,A23KNYW5XJ9FKD,0
2015,A23KNYW5XJ9FKD,1
2014,A23KNYW5XJ9FKD,1
2017,A23KNYW5XJ9FKD,1
2016,A23KNYW5XJ9FKD,1
2011,A23KNYW5XJ9FKD,0
2010,A23KNYW5XJ9FKD,0
2013,A23KNYW5XJ9FKD,0
2012,A23KNYW5XJ9FKD,0
2009,A1WVLU0KTI9GYB,0
2006,A1WVLU0KTI9GYB,1
2008,A1WVLU0KTI9GYB,0
2007,A1WVLU0KTI9GYB,0
2002,A1WVLU0KTI9GYB,0
2003,A1WVLU0KTI9GYB,1
2000,A1WVLU0KTI9GYB,1
2001,A1WVLU0KTI9GYB,1
2019,A1WVLU0KTI9GYB,0
2018,A1WVLU0KTI9GYB,0
2004,A1WVLU0KTI9GYB,0
2005,A1WVLU0KTI9GYB,0
2015,A1WVLU0KTI9GYB,1
2014,A1WVLU0KTI9GYB,0
2017,A1WVLU0KTI9GYB,1
2016,A1WVLU0KTI9GYB,1
2011,A1WVLU0KTI9GYB,0
2010,A1WVLU0KTI9GYB,0
2013,A1WVLU0KTI9GYB,0
2012,A1WVLU0KTI9GYB,0
2009,AZJYQJOIQSZ8H,1
2006,AZJYQJOIQSZ8H,0
2008,AZJYQJOIQSZ8H,0
2007,AZJYQJOIQSZ8H,1
2002,AZJYQJOIQSZ8H,1
2003,AZJYQJOIQSZ8H,1
2000,AZJYQJOIQSZ8H,0
2001,AZJYQJOIQSZ8H,0
2019,AZJYQJOIQSZ8H,1
2018,AZJYQJOIQSZ8H,1
2004,AZJYQJOIQSZ8H,1
2005,AZJYQJOIQSZ8H,0
2015,AZJYQJOIQSZ8H,0
2014,AZJYQJOIQSZ8H,1
2017,AZJYQJOIQSZ8H,1
2016,AZJYQJOIQSZ8H,0
2011,AZJYQJOIQSZ8H,0
2010,AZJYQJOIQSZ8H,0
2013,AZJYQJOIQSZ8H,1
2012,AZJYQJOIQSZ8H,1
2009,A11MPIAKPRMF9T,1
2006,A11MPIAKPRMF9T,1
2008,A11MPIAKPRMF9T,1
2007,A11MPIAKPRMF9T,0
2002,A11MPIAKPRMF9T,1
2003,A11MPIAKPRMF9T,1
2000,A11MPIAKPRMF9T,1
2001,A11MPIAKPRMF9T,0
2019,A11MPIAKPRMF9T,0
2018,A11MPIAKPRMF9T,0
2004,A11MPIAKPRMF9T,0
2005,A11MPIAKPRMF9T,0
2015,A11MPIAKPRMF9T,1
2014,A11MPIAKPRMF9T,1
2017,A11MPIAKPRMF9T,1
2016,A11MPIAKPRMF9T,1
2011,A11MPIAKPRMF9T,0
2010,A11MPIAKPRMF9T,1
2013,A11MPIAKPRMF9T,0
2012,A11MPIAKPRMF9T,0
2009,A2IJELYFUOI5T2,1
2006,A2IJELYFUOI5T2,1
2008,A2IJELYFUOI5T2,0
2007,A2IJELYFUOI5T2,0
2002,A2IJELYFUOI5T2,1
2003,A2IJELYFUOI5T2,1
2000,A2IJELYFUOI5T2,1
2001,A2IJELYFUOI5T2,0
2019,A2IJELYFUOI5T2,0
2018,A2IJELYFUOI5T2,0
2004,A2IJELYFUOI5T2,0
2005,A2IJELYFUOI5T2,0
2015,A2IJELYFUOI5T2,1
2014,A2IJELYFUOI5T2,1
2017,A2IJELYFUOI5T2,1
2016,A2IJELYFUOI5T2,1
2011,A2IJELYFUOI5T2,0
2010,A2IJELYFUOI5T2,1
2013,A2IJELYFUOI5T2,0
2012,A2IJELYFUOI5T2,0
2009,A2ZPPP0XVV8C0W,1
2006,A2ZPPP0XVV8C0W,1
2008,A2ZPPP0XVV8C0W,0
2007,A2ZPPP0XVV8C0W,0
2002,A2ZPPP0XVV8C0W,0
2003,A2ZPPP0XVV8C0W,0
2000,A2ZPPP0XVV8C0W,1
2001,A2ZPPP0XVV8C0W,0
2019,A2ZPPP0XVV8C0W,0
2018,A2ZPPP0XVV8C0W,0
2004,A2ZPPP0XVV8C0W,0
2005,A2ZPPP0XVV8C0W,0
2015,A2ZPPP0XVV8C0W,1
2014,A2ZPPP0XVV8C0W,1
2017,A2ZPPP0XVV8C0W,1
2016,A2ZPPP0XVV8C0W,1
2011,A2ZPPP0XVV8C0W,0
2010,A2ZPPP0XVV8C0W,0
2013,A2ZPPP0XVV8C0W,0
2012,A2ZPPP0XVV8C0W,0
2009,A37BOK8JXXYMRS,1
2006,A37BOK8JXXYMRS,1
2008,A37BOK8JXXYMRS,1
2007,A37BOK8JXXYMRS,0
2002,A37BOK8JXXYMRS,1
2003,A37BOK8JXXYMRS,1
2000,A37BOK8JXXYMRS,1
2001,A37BOK8JXXYMRS,1
2019,A37BOK8JXXYMRS,0
2018,A37BOK8JXXYMRS,0
2004,A37BOK8JXXYMRS,0
2005,A37BOK8JXXYMRS,1
2015,A37BOK8JXXYMRS,1
2014,A37BOK8JXXYMRS,1
2017,A37BOK8JXXYMRS,1
2016,A37BOK8JXXYMRS,1
2011,A37BOK8JXXYMRS,0
2010,A37BOK8JXXYMRS,1
2013,A37BOK8JXXYMRS,0
2012,A37BOK8JXXYMRS,0
2009,A2HR7ZIX42FEPG,1
2006,A2HR7ZIX42FEPG,1
2008,A2HR7ZIX42FEPG,1
2007,A2HR7ZIX42FEPG,0
2002,A2HR7ZIX42FEPG,1
2003,A2HR7ZIX42FEPG,1
2000,A2HR7ZIX42FEPG,0
2001,A2HR7ZIX42FEPG,0
2019,A2HR7ZIX42FEPG,0
2018,A2HR7ZIX42FEPG,0
2004,A2HR7ZIX42FEPG,0
2005,A2HR7ZIX42FEPG,0
2015,A2HR7ZIX42FEPG,1
2014,A2HR7ZIX42FEPG,0
2017,A2HR7ZIX42FEPG,1
2016,A2HR7ZIX42FEPG,1
2011,A2HR7ZIX42FEPG,0
2010,A2HR7ZIX42FEPG,1
2013,A2HR7ZIX42FEPG,0
2012,A2HR7ZIX42FEPG,0
2009,AGV5848LC2IXX,0
2006,AGV5848LC2IXX,1
2008,AGV5848LC2IXX,1
2007,AGV5848LC2IXX,0
2002,AGV5848LC2IXX,1
2003,AGV5848LC2IXX,1
2000,AGV5848LC2IXX,0
2001,AGV5848LC2IXX,1
2019,AGV5848LC2IXX,0
2018,AGV5848LC2IXX,0
2004,AGV5848LC2IXX,0
2005,AGV5848LC2IXX,0
2015,AGV5848LC2IXX,1
2014,AGV5848LC2IXX,1
2017,AGV5848LC2IXX,1
2016,AGV5848LC2IXX,1
2011,AGV5848LC2IXX,0
2010,AGV5848LC2IXX,1
2013,AGV5848LC2IXX,0
2012,AGV5848LC2IXX,0
2009,A1RFFFC4YSNLX9,1
2006,A1RFFFC4YSNLX9,1
2008,A1RFFFC4YSNLX9,1
2007,A1RFFFC4YSNLX9,0
2002,A1RFFFC4YSNLX9,1
2003,A1RFFFC4YSNLX9,1
2000,A1RFFFC4YSNLX9,1
2001,A1RFFFC4YSNLX9,1
2019,A1RFFFC4YSNLX9,0
2018,A1RFFFC4YSNLX9,0
2004,A1RFFFC4YSNLX9,0
2005,A1RFFFC4YSNLX9,0
2015,A1RFFFC4YSNLX9,1
2014,A1RFFFC4YSNLX9,1
2017,A1RFFFC4YSNLX9,1
2016,A1RFFFC4YSNLX9,1
2011,A1RFFFC4YSNLX9,0
2010,A1RFFFC4YSNLX9,1
2013,A1RFFFC4YSNLX9,0
2012,A1RFFFC4YSNLX9,0
2009,A2J74WQXWG5M9W,1
2006,A2J74WQXWG5M9W,1
2008,A2J74WQXWG5M9W,0
2007,A2J74WQXWG5M9W,0
2002,A2J74WQXWG5M9W,1
2003,A2J74WQXWG5M9W,1
2000,A2J74WQXWG5M9W,1
2001,A2J74WQXWG5M9W,0
2019,A2J74WQXWG5M9W,0
2018,A2J74WQXWG5M9W,0
2004,A2J74WQXWG5M9W,0
2005,A2J74WQXWG5M9W,0
2015,A2J74WQXWG5M9W,1
2014,A2J74WQXWG5M9W,1
2017,A2J74WQXWG5M9W,1
2016,A2J74WQXWG5M9W,1
2011,A2J74WQXWG5M9W,0
2010,A2J74WQXWG5M9W,1
2013,A2J74WQXWG5M9W,0
2012,A2J74WQXWG5M9W,0
2009,A2HVUJSA0VSK4D,1
2006,A2HVUJSA0VSK4D,0
2008,A2HVUJSA0VSK4D,0
2007,A2HVUJSA0VSK4D,1
2002,A2HVUJSA0VSK4D,0
2003,A2HVUJSA0VSK4D,1
2000,A2HVUJSA0VSK4D,0
2001,A2HVUJSA0VSK4D,0
2019,A2HVUJSA0VSK4D,1
2018,A2HVUJSA0VSK4D,0
2004,A2HVUJSA0VSK4D,0
2005,A2HVUJSA0VSK4D,1
2015,A2HVUJSA0VSK4D,1
2014,A2HVUJSA0VSK4D,0
2017,A2HVUJSA0VSK4D,1
2016,A2HVUJSA0VSK4D,0
2011,A2HVUJSA0VSK4D,1
2010,A2HVUJSA0VSK4D,0
2013,A2HVUJSA0VSK4D,1
2012,A2HVUJSA0VSK4D,1
2009,A1L09AVOUS47FK,0
2006,A1L09AVOUS47FK,1
2008,A1L09AVOUS47FK,0
2007,A1L09AVOUS47FK,0
2002,A1L09AVOUS47FK,1
2003,A1L09AVOUS47FK,1
2000,A1L09AVOUS47FK,1
2001,A1L09AVOUS47FK,1
2019,A1L09AVOUS47FK,0
2018,A1L09AVOUS47FK,0
2004,A1L09AVOUS47FK,0
2005,A1L09AVOUS47FK,0
2015,A1L09AVOUS47FK,1
2014,A1L09AVOUS47FK,0
2017,A1L09AVOUS47FK,1
2016,A1L09AVOUS47FK,1
2011,A1L09AVOUS47FK,0
2010,A1L09AVOUS47FK,0
2013,A1L09AVOUS47FK,0
2012,A1L09AVOUS47FK,0
